©¡‘Ì–¼,ZŠ,lat,lng,GoogleMaps‚Ö‚ÌƒŠƒ“ƒN
“ß”es,“ß”esòè1-1-1,26.2123263,127.6791957,"https://www.google.co.jp/maps/preview?q=26.2123263,127.6791957"
‹X–ì˜ps,‹X–ì˜psš–ì“1-1-1,26.2818612,127.7783316,"https://www.google.co.jp/maps/preview?q=26.2818612,127.7783316"
ÎŠ_s,ÎŠ_s”üè’¬14,24.340669,124.155522,"https://www.google.co.jp/maps/preview?q=24.340669,124.155522"
‰Y“Ys,‰Y“YsšˆÀ”g’ƒ1-1-1,26.2458164,127.7217987,"https://www.google.co.jp/maps/preview?q=26.2458164,127.7217987"
–¼Œìs,–¼Œìs`1-1-1,26.5915549,127.9774745,"https://www.google.co.jp/maps/preview?q=26.5915549,127.9774745"
…–s,…–s’ªè’¬1-1,26.1234007,127.665234,"https://www.google.co.jp/maps/preview?q=26.1234007,127.665234"
‰«“ês,‰«“ês’‡@ª’¬26-1,26.3343544,127.8056943,"https://www.google.co.jp/maps/preview?q=26.3343544,127.8056943"
–LŒ©és,–LŒ©ésš‰¥’·854-1,26.1610255,127.6688829,"https://www.google.co.jp/maps/preview?q=26.1610255,127.6688829"
‚¤‚é‚Üs,‚¤‚é‚Üs‚İ‚Ç‚è’¬1-1-1,26.3791509,127.8574803,"https://www.google.co.jp/maps/preview?q=26.3791509,127.8574803"
‹{ŒÃ“‡s,‹{ŒÃ“‡s•½—Çš¼—¢186,24.8054678,125.2810986,"https://www.google.co.jp/maps/preview?q=24.8054678,125.2810986"
“ìés,“ìés‹Êéš•x—¢143,26.144138,127.766943,"https://www.google.co.jp/maps/preview?q=26.144138,127.766943"
‘“ª‘º,‘“ª‘ºš•Ó“y–¼121,26.7456378,128.1779073,"https://www.google.co.jp/maps/preview?q=26.7456378,128.1779073"
‘å‹X–¡‘º,‘å‹X–¡‘ºš‘åŒ“‹v157,26.7019937,128.1201635,"https://www.google.co.jp/maps/preview?q=26.7019937,128.1201635"
“Œ@‘º,“Œ‘ºš•½—Ç804,26.6332843,128.1568698,"https://www.google.co.jp/maps/preview?q=26.6332843,128.1568698"
¡‹Am‘º,¡‹Am‘ºš’‡@ª219,26.6825297,127.9727414,"https://www.google.co.jp/maps/preview?q=26.6825297,127.9727414"
–{•”’¬,–{•”’¬š“Œ5,26.6576377,127.8980392,"https://www.google.co.jp/maps/preview?q=26.6576377,127.8980392"
‰¶”[‘º,‰¶”[‘ºš‰¶”[2451,26.49748,127.8536434,"https://www.google.co.jp/maps/preview?q=26.49748,127.8536434"
‹X–ìÀ‘º,‹X–ìÀ‘ºš‹X–ìÀ296,26.4816949,127.9756282,"https://www.google.co.jp/maps/preview?q=26.4816949,127.9756282"
‹à•’¬,‹à•’¬š‹à•1,26.4561373,127.9260114,"https://www.google.co.jp/maps/preview?q=26.4561373,127.9260114"
ˆÉ]‘º,ˆÉ]‘ºš“Œ]‘O38,26.7134905,127.8070171,"https://www.google.co.jp/maps/preview?q=26.7134905,127.8070171"
“Ç’J‘º,“Ç’J‘ºšÀŠì–¡2901,26.3961721,127.7452299,"https://www.google.co.jp/maps/preview?q=26.3961721,127.7452299"
‰Ãè”[’¬,‰Ãè”[’¬š‰Ãè”[588,26.3612202,127.7549804,"https://www.google.co.jp/maps/preview?q=26.3612202,127.7549804"
–k’J’¬,–k’J’¬šŒK]226,26.3196469,127.7644283,"https://www.google.co.jp/maps/preview?q=26.3196469,127.7644283"
–k’†é‘º,–k’†é‘ºšŠìÉê426-2,26.3008404,127.7932381,"https://www.google.co.jp/maps/preview?q=26.3008404,127.7932381"
’†é‘º,’†é‘ºš“–ŠÔ176,26.267035,127.7908589,"https://www.google.co.jp/maps/preview?q=26.267035,127.7908589"
¼Œ´’¬,¼Œ´’¬š‰ÃèŠ¡112,26.2262915,127.7652351,"https://www.google.co.jp/maps/preview?q=26.2262915,127.7652351"
—^“ßŒ´’¬,—^“ßŒ´’¬šã—^“ßŒ´16,26.1995771,127.754768,"https://www.google.co.jp/maps/preview?q=26.1995771,127.754768"
“ì•—Œ´’¬,“ì•—Œ´’¬šŒ“é686,26.1911219,127.7285542,"https://www.google.co.jp/maps/preview?q=26.1911219,127.7285542"
“n‰Ã•~‘º,“n‰Ã•~‘ºš“n‰Ã•~183,26.1972989,127.3642832,"https://www.google.co.jp/maps/preview?q=26.1972989,127.3642832"
ÀŠÔ–¡‘º,ÀŠÔ–¡‘ºšÀŠÔ–¡109,26.2288834,127.3031094,"https://www.google.co.jp/maps/preview?q=26.2288834,127.3031094"
ˆ¾‘‘º,ˆ¾‘‘ºš“Œ367,26.5823612,127.2271897,"https://www.google.co.jp/maps/preview?q=26.5823612,127.2271897"
“n–¼Šì‘º,“n–¼Šì‘ºš“n–¼Šì1917-3,26.3720613,127.1410214,"https://www.google.co.jp/maps/preview?q=26.3720613,127.1410214"
“ì‘å“Œ‘º,“ì‘å“Œ‘ºš“ì144-1,25.8286261,131.2326348,"https://www.google.co.jp/maps/preview?q=25.8286261,131.2326348"
–k‘å“Œ‘º,–k‘å“Œ‘ºš’†–ì218,25.9459514,131.298944,"https://www.google.co.jp/maps/preview?q=25.9459514,131.298944"
ˆÉ¥–¼‘º,ˆÉ¥–¼‘ºš’‡“c1203,26.9283631,127.9412093,"https://www.google.co.jp/maps/preview?q=26.9283631,127.9412093"
‹v•Ä“‡’¬,‹v•Ä“‡’¬š”ä‰Ã2870,26.3405629,126.8050186,"https://www.google.co.jp/maps/preview?q=26.3405629,126.8050186"
”ªd£’¬,”ªd£’¬š‹ïu“ª659,26.1218751,127.7426748,"https://www.google.co.jp/maps/preview?q=26.1218751,127.7426748"
‘½—ÇŠÔ‘º,‘½—ÇŠÔ‘ºš’‡‹Ø99-2,24.6694493,124.7016927,"https://www.google.co.jp/maps/preview?q=24.6694493,124.7016927"
’|•x’¬,ÎŠ_s”üè’¬11,24.3400024,124.1546832,"https://www.google.co.jp/maps/preview?q=24.3400024,124.1546832"
—^“ß‘’¬,—^“ß‘’¬š—^“ß‘129,24.4679685,123.0044532,"https://www.google.co.jp/maps/preview?q=24.4679685,123.0044532"
